sim_num,N,sim_type,model_type,mse,coverage,ci_length,auc_roc,auc_pr,ppv,rand
1,500,probit,lasso_glm_1se,0.10972270203461172,NA,NA,0.9593786716428225,0.9772774632127315,0.8794117647058823,0.9216326530612244
1,500,probit,lasso_glm_min,0.10328694341170956,NA,NA,0.9642684359665492,0.9794118415318344,0.911042944785276,0.5191836734693878
1,500,probit,ridge_glm_1se,0.026033488823340074,NA,NA,0.9636118598382749,0.978305380870427,0.9299363057324841,0.6734693877551021
1,500,probit,ridge_glm_min,0.10483738672462733,NA,NA,0.9599661344944364,0.976445155197401,0.9253246753246753,0.6734693877551021
1,500,logit,lasso_glm_1se,0.13681233622160033,NA,NA,0.8615067501067761,0.7416104450312838,0.6010362694300518,0.7844897959183673
1,500,logit,lasso_glm_min,0.12934707517674188,NA,NA,0.8950994410503055,0.8074091564350011,0.6190476190476191,0.5191836734693878
1,500,logit,ridge_glm_1se,0.07352200139215781,NA,NA,0.8809492859928321,0.784568992311098,0.6100917431192661,0.6734693877551021
1,500,logit,ridge_glm_min,0.1320652097531727,NA,NA,0.8887114445414198,0.7999077933067011,0.6268656716417911,0.6734693877551021
NA,NA,NA,NA,NA,NA,NA,NA,NA,NA,NA
