sim_num,N,sim_type,model_type,mse,coverage,ci_length,auc_roc,auc_pr,ppv,rand
1,500,probit,hs_gibbs,0.006459527882703632,1,0.35392772882117585,0.9667392356071601,0.980821077649537,0.9190031152647975,0.8497959183673469
1,500,probit,lasso_gibbs,0.011008411437133573,0.98,0.4967960521749297,0.9646485589881816,0.979137411577348,0.9090909090909091,0.8497959183673469
1,500,probit,ridge_gibbs,0.017257219733779784,1,0.5522515464183786,0.9639660653811597,0.9789599852588984,0.9363057324840764,0.9216326530612244
1,500,logit,hs_gibbs,0.04580040829700187,0.82,0.24104072402665658,0.8930010584761657,0.8090415632441339,0.6244131455399061,0.8163265306122449
1,500,logit,lasso_gibbs,0.04398206187172132,0.8,0.34091442225907964,0.8931867560490985,0.8027850315329297,0.600896860986547,0.8497959183673469
1,500,logit,ridge_gibbs,0.05762052369776338,0.8,0.3474905015210994,0.8861581029135949,0.7916891064068117,0.6045454545454545,0.8497959183673469
NA,NA,NA,NA,NA,NA,NA,NA,NA,NA,NA
